scenario,n,total_discordance,net_accuracy_difference_B1_minus_B0,probability_B1_correct_B0_wrong,probability_B0_correct_B1_wrong,two_sided_alpha,exact_unconditional_power
small_effect_low_discordance,100,0.15,0.05,0.1,0.049999999999999996,0.05,0.17831742517997543
small_effect_low_discordance,155,0.15,0.05,0.1,0.049999999999999996,0.05,0.28574883660551376
small_effect_low_discordance,300,0.15,0.05,0.1,0.049999999999999996,0.05,0.5636273207723917
small_effect_low_discordance,470,0.15,0.05,0.1,0.049999999999999996,0.05,0.7764954983428652
small_effect_low_discordance,500,0.15,0.05,0.1,0.049999999999999996,0.05,0.8024099035395067
small_effect_low_discordance,750,0.15,0.05,0.1,0.049999999999999996,0.05,0.9372643194207504
small_effect_low_discordance,1147,0.15,0.05,0.1,0.049999999999999996,0.05,0.9919014485556981
moderate_effect,100,0.2,0.075,0.1375,0.0625,0.05,0.31059153231648495
moderate_effect,155,0.2,0.075,0.1375,0.0625,0.05,0.48217497317943603
moderate_effect,300,0.2,0.075,0.1375,0.0625,0.05,0.8089866037727214
moderate_effect,470,0.2,0.075,0.1375,0.0625,0.05,0.9498663742968054
moderate_effect,500,0.2,0.075,0.1375,0.0625,0.05,0.9612072534128542
moderate_effect,750,0.2,0.075,0.1375,0.0625,0.05,0.9959636948464717
moderate_effect,1147,0.2,0.075,0.1375,0.0625,0.05,0.9999201166551968
ten_point_effect,100,0.2,0.1,0.15000000000000002,0.05,0.05,0.5444454279352253
ten_point_effect,155,0.2,0.1,0.15000000000000002,0.05,0.05,0.7617471785336022
ten_point_effect,300,0.2,0.1,0.15000000000000002,0.05,0.05,0.973602209898129
ten_point_effect,470,0.2,0.1,0.15000000000000002,0.05,0.05,0.9985323824705882
ten_point_effect,500,0.2,0.1,0.15000000000000002,0.05,0.05,0.9991526726868997
ten_point_effect,750,0.2,0.1,0.15000000000000002,0.05,0.05,0.9999927155313972
ten_point_effect,1147,0.2,0.1,0.15000000000000002,0.05,0.05,0.9999999977138919
ten_point_high_discordance,100,0.3,0.1,0.2,0.09999999999999999,0.05,0.37307708430181413
ten_point_high_discordance,155,0.3,0.1,0.2,0.09999999999999999,0.05,0.5806955499214319
ten_point_high_discordance,300,0.3,0.1,0.2,0.09999999999999999,0.05,0.8735668010674803
ten_point_high_discordance,470,0.3,0.1,0.2,0.09999999999999999,0.05,0.9762693669099015
ten_point_high_discordance,500,0.3,0.1,0.2,0.09999999999999999,0.05,0.9826051434566495
ten_point_high_discordance,750,0.3,0.1,0.2,0.09999999999999999,0.05,0.9988925298791098
ten_point_high_discordance,1147,0.3,0.1,0.2,0.09999999999999999,0.05,0.9999907321627413
